,0
VehHourTrav,531596
VehHourTrav_ns,736925
PassHourTrav,795657
PassHourTrav_ns,736925
PassUtility,11135.163775
PassUtility_ns,11427.6805
mean_lambda,0.3395033511028053
revenue_s,884310.0
revenue_ns,1105387.5
Fare_Discount,-0.2
nR,1000
SINGLE,380
PAIRS,221
TRIPLES,50
QUADRIPLES,7
QUINTETS,0
PLUS5,0
shared_ratio,0.62
fleet_size_nonshared,230.0
fleet_size_shared,155.0
lambda_shared,0.3395033511028053
_typ,DotMap()
dtype,DotMap()
city,"Amsterdam, Netherlands"
requests,ExMAS/spinoffs/potential/requests\requests_nCenters_2_gammdist_shape_4_gamma_imp_shape_2.csv
dt,0 days 00:01:13.406608
search_space,6530
