,0
VehHourTrav,651435
VehHourTrav_ns,1055901
PassHourTrav,1161434
PassHourTrav_ns,1055901
PassUtility,15927.006975000004
PassUtility_ns,16371.673499999999
mean_lambda,0.4249545679828184
revenue_s,1267081.2000000002
revenue_ns,1583851.5
Fare_Discount,-0.19999999999999987
nR,1000
SINGLE,197
PAIRS,213
TRIPLES,73
QUADRIPLES,24
QUINTETS,10
PLUS5,2
shared_ratio,0.8029999999999999
fleet_size_nonshared,318.0
fleet_size_shared,196.0
lambda_shared,0.4249545679828184
_typ,DotMap()
dtype,DotMap()
city,"Amsterdam, Netherlands"
requests,ExMAS/spinoffs/potential/requests\requests_nCenters_2_gammdist_shape_4_gamma_imp_shape_3.csv
dt,0 days 00:05:52.969679
search_space,27956
