,0
VehHourTrav,371345
VehHourTrav_ns,437654
PassHourTrav,462676
PassHourTrav_ns,437654
PassUtility,6647.65755
PassUtility_ns,6788.9545
mean_lambda,0.2420852232217351
revenue_s,525184.8
revenue_ns,656481.0
Fare_Discount,-0.19999999999999993
nR,1000
SINGLE,643
PAIRS,165
TRIPLES,9
QUADRIPLES,0
QUINTETS,0
PLUS5,0
shared_ratio,0.357
fleet_size_nonshared,149.0
fleet_size_shared,117.0
lambda_shared,0.2420852232217351
_typ,DotMap()
dtype,DotMap()
city,"Amsterdam, Netherlands"
requests,ExMAS/spinoffs/potential/requests\requests_nCenters_2_gammdist_shape_4_gamma_imp_shape_1.15.csv
dt,0 days 00:00:37.156492
search_space,2655
