,0
VehHourTrav,362849
VehHourTrav_ns,438597
PassHourTrav,463376
PassHourTrav_ns,438597
PassUtility,6661.838025
PassUtility_ns,6803.4645
mean_lambda,0.28374668394102043
revenue_s,526316.4
revenue_ns,657895.5
Fare_Discount,-0.19999999999999996
nR,1000
SINGLE,664
PAIRS,144
TRIPLES,12
QUADRIPLES,3
QUINTETS,0
PLUS5,0
shared_ratio,0.33599999999999997
fleet_size_nonshared,138.0
fleet_size_shared,114.0
lambda_shared,0.28374668394102043
_typ,DotMap()
dtype,DotMap()
city,"Amsterdam, Netherlands"
requests,ExMAS/spinoffs/potential/requests\requests_nCenters_4_gammdist_shape_4_gamma_imp_shape_1.15.csv
dt,0 days 00:00:46.202461
search_space,3308
