,0
VehHourTrav,387771
VehHourTrav_ns,471037
PassHourTrav,498016
PassHourTrav_ns,471037
PassUtility,7161.0147
PassUtility_ns,7306.262000000001
mean_lambda,0.28345979287504164
revenue_s,565244.4
revenue_ns,706555.5
Fare_Discount,-0.19999999999999996
nR,1000
SINGLE,638
PAIRS,159
TRIPLES,12
QUADRIPLES,2
QUINTETS,0
PLUS5,0
shared_ratio,0.362
fleet_size_nonshared,157.0
fleet_size_shared,121.0
lambda_shared,0.28345979287504164
_typ,DotMap()
dtype,DotMap()
city,"Amsterdam, Netherlands"
requests,ExMAS/spinoffs/potential/requests\requests_nCenters_3_gammdist_shape_6_gamma_imp_shape_1.15.csv
dt,0 days 00:00:41.515829
search_space,2730
