,0
VehHourTrav,363748
VehHourTrav_ns,445844
PassHourTrav,472399
PassHourTrav_ns,445844
PassUtility,6761.692575000001
PassUtility_ns,6915.787
mean_lambda,0.27933439030207796
revenue_s,535012.8
revenue_ns,668766.0
Fare_Discount,-0.19999999999999993
nR,1000
SINGLE,615
PAIRS,164
TRIPLES,15
QUADRIPLES,3
QUINTETS,0
PLUS5,0
shared_ratio,0.385
fleet_size_nonshared,136.0
fleet_size_shared,110.0
lambda_shared,0.27933439030207796
_typ,DotMap()
dtype,DotMap()
city,"Amsterdam, Netherlands"
requests,ExMAS/spinoffs/potential/requests\requests_nCenters_3_gammdist_shape_1.5_gamma_imp_shape_1.15.csv
dt,0 days 00:00:37.890662
search_space,2979
