,0
VehHourTrav,519778
VehHourTrav_ns,737609
PassHourTrav,795081
PassHourTrav_ns,737609
PassUtility,11135.053500000002
PassUtility_ns,11438.0485
mean_lambda,0.3563337399495441
revenue_s,885130.8
revenue_ns,1106413.5
Fare_Discount,-0.19999999999999996
nR,1000
SINGLE,353
PAIRS,228
TRIPLES,48
QUADRIPLES,9
QUINTETS,1
PLUS5,1
shared_ratio,0.647
fleet_size_nonshared,222.0
fleet_size_shared,149.0
lambda_shared,0.3563337399495441
_typ,DotMap()
dtype,DotMap()
city,"Amsterdam, Netherlands"
requests,ExMAS/spinoffs/potential/requests\requests_nCenters_2_gammdist_shape_2.5_gamma_imp_shape_2.csv
dt,0 days 00:01:18.344794
search_space,7310
