,0
VehHourTrav,370812
VehHourTrav_ns,441496
PassHourTrav,467396
PassHourTrav_ns,441496
PassUtility,6708.0128
PassUtility_ns,6848.5715
mean_lambda,0.25588276154680867
revenue_s,529795.2000000001
revenue_ns,662244.0
Fare_Discount,-0.1999999999999999
nR,1000
SINGLE,622
PAIRS,169
TRIPLES,12
QUADRIPLES,1
QUINTETS,0
PLUS5,0
shared_ratio,0.378
fleet_size_nonshared,158.0
fleet_size_shared,132.0
lambda_shared,0.25588276154680867
_typ,DotMap()
dtype,DotMap()
city,"Amsterdam, Netherlands"
requests,ExMAS/spinoffs/potential/requests\requests_nCenters_1_gammdist_shape_4_gamma_imp_shape_1.15.csv
dt,0 days 00:00:37.500042
search_space,2682
