,0
VehHourTrav,548562
VehHourTrav_ns,764936
PassHourTrav,828777
PassHourTrav_ns,764936
PassUtility,11566.670250000001
PassUtility_ns,11861.7385
mean_lambda,0.3526922491546397
revenue_s,917923.2000000001
revenue_ns,1147404.0
Fare_Discount,-0.19999999999999993
nR,1000
SINGLE,385
PAIRS,212
TRIPLES,42
QUADRIPLES,15
QUINTETS,1
PLUS5,0
shared_ratio,0.615
fleet_size_nonshared,219.0
fleet_size_shared,162.0
lambda_shared,0.3526922491546397
_typ,DotMap()
dtype,DotMap()
city,"Amsterdam, Netherlands"
requests,ExMAS/spinoffs/potential/requests\requests_nCenters_1_gammdist_shape_4_gamma_imp_shape_2.csv
dt,0 days 00:01:20.140820
search_space,7176
