,0
VehHourTrav,555921
VehHourTrav_ns,762016
PassHourTrav,817291
PassHourTrav_ns,762016
PassUtility,11518.690725
PassUtility_ns,11816.484499999999
mean_lambda,0.34859918049397043
revenue_s,914419.2000000001
revenue_ns,1143024.0
Fare_Discount,-0.19999999999999993
nR,1000
SINGLE,414
PAIRS,207
TRIPLES,48
QUADRIPLES,7
QUINTETS,0
PLUS5,0
shared_ratio,0.5860000000000001
fleet_size_nonshared,233.0
fleet_size_shared,170.0
lambda_shared,0.34859918049397043
_typ,DotMap()
dtype,DotMap()
city,"Amsterdam, Netherlands"
requests,ExMAS/spinoffs/potential/requests\requests_nCenters_4_gammdist_shape_6_gamma_imp_shape_2.csv
dt,0 days 00:01:14.656227
search_space,6191
