,0
VehHourTrav,328776
VehHourTrav_ns,393130
PassHourTrav,413648
PassHourTrav_ns,393130
PassUtility,5971.553900000001
PassUtility_ns,6098.8009999999995
mean_lambda,0.2637094135494261
revenue_s,471756.0
revenue_ns,589695.0
Fare_Discount,-0.2
nR,1000
SINGLE,655
PAIRS,153
TRIPLES,13
QUADRIPLES,0
QUINTETS,0
PLUS5,0
shared_ratio,0.345
fleet_size_nonshared,120.0
fleet_size_shared,99.0
lambda_shared,0.2637094135494261
_typ,DotMap()
dtype,DotMap()
city,"Amsterdam, Netherlands"
requests,ExMAS/spinoffs/potential/requests\requests_nCenters_4_gammdist_shape_1.5_gamma_imp_shape_1.csv
dt,0 days 00:00:34.281898
search_space,2558
