,0
VehHourTrav,500953
VehHourTrav_ns,707752
PassHourTrav,763754
PassHourTrav_ns,707752
PassUtility,10678.821675
PassUtility_ns,10975.487
mean_lambda,0.35241087496081325
revenue_s,849302.4
revenue_ns,1061628.0
Fare_Discount,-0.19999999999999998
nR,1000
SINGLE,348
PAIRS,222
TRIPLES,56
QUADRIPLES,10
QUINTETS,0
PLUS5,0
shared_ratio,0.652
fleet_size_nonshared,237.0
fleet_size_shared,161.0
lambda_shared,0.35241087496081325
_typ,DotMap()
dtype,DotMap()
city,"Amsterdam, Netherlands"
requests,ExMAS/spinoffs/potential/requests\requests_nCenters_3_gammdist_shape_1.5_gamma_imp_shape_2.csv
dt,0 days 00:01:10.203210
search_space,6664
