,0
VehHourTrav,384249
VehHourTrav_ns,453606
PassHourTrav,482236
PassHourTrav_ns,453606
PassUtility,6887.17425
PassUtility_ns,7036.201499999999
mean_lambda,0.23658126316907768
revenue_s,544327.2000000001
revenue_ns,680409.0
Fare_Discount,-0.1999999999999999
nR,1000
SINGLE,622
PAIRS,170
TRIPLES,10
QUADRIPLES,2
QUINTETS,0
PLUS5,0
shared_ratio,0.378
fleet_size_nonshared,139.0
fleet_size_shared,119.0
lambda_shared,0.23658126316907768
_typ,DotMap()
dtype,DotMap()
city,"Amsterdam, Netherlands"
requests,ExMAS/spinoffs/potential/requests\requests_nCenters_2_gammdist_shape_6_gamma_imp_shape_1.15.csv
dt,0 days 00:00:38.093813
search_space,2639
