,0
VehHourTrav,374907
VehHourTrav_ns,444319
PassHourTrav,469880
PassHourTrav_ns,444319
PassUtility,6747.525775
PassUtility_ns,6892.146500000001
mean_lambda,0.25636203799258495
revenue_s,533182.8
revenue_ns,666478.5
Fare_Discount,-0.19999999999999993
nR,1000
SINGLE,652
PAIRS,156
TRIPLES,12
QUADRIPLES,0
QUINTETS,0
PLUS5,0
shared_ratio,0.348
fleet_size_nonshared,155.0
fleet_size_shared,126.0
lambda_shared,0.25636203799258495
_typ,DotMap()
dtype,DotMap()
city,"Amsterdam, Netherlands"
requests,ExMAS/spinoffs/potential/requests\requests_nCenters_4_gammdist_shape_6_gamma_imp_shape_1.15.csv
dt,0 days 00:00:38.531223
search_space,2518
