,0
VehHourTrav,347243
VehHourTrav_ns,394858
PassHourTrav,412841
PassHourTrav_ns,394858
PassUtility,6022.7588749999995
PassUtility_ns,6125.2625
mean_lambda,0.2321813157787801
revenue_s,473829.60000000003
revenue_ns,592287.0
Fare_Discount,-0.19999999999999993
nR,1000
SINGLE,730
PAIRS,127
TRIPLES,4
QUADRIPLES,1
QUINTETS,0
PLUS5,0
shared_ratio,0.27
fleet_size_nonshared,130.0
fleet_size_shared,117.0
lambda_shared,0.2321813157787801
_typ,DotMap()
dtype,DotMap()
city,"Amsterdam, Netherlands"
requests,ExMAS/spinoffs/potential/requests\requests_nCenters_3_gammdist_shape_6_gamma_imp_shape_1.csv
dt,0 days 00:00:33.062637
search_space,2029
