,0
VehHourTrav,378668
VehHourTrav_ns,456026
PassHourTrav,483585
PassHourTrav_ns,456026
PassUtility,6924.850075
PassUtility_ns,7073.6875
mean_lambda,0.27430620074544476
revenue_s,547231.2000000001
revenue_ns,684039.0
Fare_Discount,-0.1999999999999999
nR,1000
SINGLE,660
PAIRS,138
TRIPLES,20
QUADRIPLES,1
QUINTETS,0
PLUS5,0
shared_ratio,0.33999999999999997
fleet_size_nonshared,151.0
fleet_size_shared,125.0
lambda_shared,0.27430620074544476
_typ,DotMap()
dtype,DotMap()
city,"Amsterdam, Netherlands"
requests,ExMAS/spinoffs/potential/requests\requests_nCenters_3_gammdist_shape_2.5_gamma_imp_shape_1.15.csv
dt,0 days 00:00:40.644052
search_space,3014
