,0
VehHourTrav,378079
VehHourTrav_ns,470147
PassHourTrav,499861
PassHourTrav_ns,470147
PassUtility,7117.500725
PassUtility_ns,7292.4505
mean_lambda,0.27877311434191554
revenue_s,564176.4
revenue_ns,705220.5
Fare_Discount,-0.19999999999999996
nR,1000
SINGLE,547
PAIRS,195
TRIPLES,21
QUADRIPLES,0
QUINTETS,0
PLUS5,0
shared_ratio,0.45299999999999996
fleet_size_nonshared,156.0
fleet_size_shared,123.0
lambda_shared,0.27877311434191554
_typ,DotMap()
dtype,DotMap()
city,"Amsterdam, Netherlands"
requests,ExMAS/spinoffs/potential/requests\requests_nCenters_1_gammdist_shape_1.5_gamma_imp_shape_1.15.csv
dt,0 days 00:00:39.063392
search_space,3350
