,0
VehHourTrav,497879
VehHourTrav_ns,698399
PassHourTrav,755998
PassHourTrav_ns,698399
PassUtility,10557.179325000001
PassUtility_ns,10830.415
mean_lambda,0.354402316045503
revenue_s,838078.8
revenue_ns,1047598.5
Fare_Discount,-0.19999999999999996
nR,1000
SINGLE,391
PAIRS,196
TRIPLES,59
QUADRIPLES,10
QUINTETS,0
PLUS5,0
shared_ratio,0.609
fleet_size_nonshared,209.0
fleet_size_shared,151.0
lambda_shared,0.354402316045503
_typ,DotMap()
dtype,DotMap()
city,"Amsterdam, Netherlands"
requests,ExMAS/spinoffs/potential/requests\requests_nCenters_4_gammdist_shape_1.5_gamma_imp_shape_2.csv
dt,0 days 00:01:16.329249
search_space,7039
