,0
VehHourTrav,374139
VehHourTrav_ns,437391
PassHourTrav,462830
PassHourTrav_ns,437391
PassUtility,6647.5012750000005
PassUtility_ns,6784.8315
mean_lambda,0.23154692093278295
revenue_s,524869.2000000001
revenue_ns,656086.5
Fare_Discount,-0.1999999999999999
nR,1000
SINGLE,646
PAIRS,163
TRIPLES,8
QUADRIPLES,1
QUINTETS,0
PLUS5,0
shared_ratio,0.354
fleet_size_nonshared,141.0
fleet_size_shared,122.0
lambda_shared,0.23154692093278295
_typ,DotMap()
dtype,DotMap()
city,"Amsterdam, Netherlands"
requests,ExMAS/spinoffs/potential/requests\requests_nCenters_1_gammdist_shape_6_gamma_imp_shape_1.15.csv
dt,0 days 00:00:34.734481
search_space,2421
