,0
VehHourTrav,351912
VehHourTrav_ns,429618
PassHourTrav,455808
PassHourTrav_ns,429618
PassUtility,6526.508600000001
PassUtility_ns,6664.467000000001
mean_lambda,0.27735118389024116
revenue_s,515541.60000000003
revenue_ns,644427.0
Fare_Discount,-0.19999999999999996
nR,1000
SINGLE,606
PAIRS,167
TRIPLES,17
QUADRIPLES,1
QUINTETS,1
PLUS5,0
shared_ratio,0.394
fleet_size_nonshared,139.0
fleet_size_shared,110.0
lambda_shared,0.27735118389024116
_typ,DotMap()
dtype,DotMap()
city,"Amsterdam, Netherlands"
requests,ExMAS/spinoffs/potential/requests\requests_nCenters_4_gammdist_shape_1.5_gamma_imp_shape_1.15.csv
dt,0 days 00:00:38.625822
search_space,2837
