,0
VehHourTrav,519681
VehHourTrav_ns,732509
PassHourTrav,794346
PassHourTrav_ns,732509
PassUtility,11061.82385
PassUtility_ns,11359.042000000001
mean_lambda,0.34910334670594034
revenue_s,879010.8
revenue_ns,1098763.5
Fare_Discount,-0.19999999999999996
nR,1000
SINGLE,347
PAIRS,219
TRIPLES,61
QUADRIPLES,8
QUINTETS,0
PLUS5,0
shared_ratio,0.653
fleet_size_nonshared,217.0
fleet_size_shared,159.0
lambda_shared,0.34910334670594034
_typ,DotMap()
dtype,DotMap()
city,"Amsterdam, Netherlands"
requests,ExMAS/spinoffs/potential/requests\requests_nCenters_1_gammdist_shape_2.5_gamma_imp_shape_2.csv
dt,0 days 00:01:13.062592
search_space,6847
