,0
VehHourTrav,649707
VehHourTrav_ns,1064043
PassHourTrav,1170790
PassHourTrav_ns,1064043
PassUtility,16073.4775
PassUtility_ns,16498.034999999996
mean_lambda,0.43615379724029757
revenue_s,1276851.6
revenue_ns,1596064.5
Fare_Discount,-0.19999999999999993
nR,1000
SINGLE,220
PAIRS,186
TRIPLES,81
QUADRIPLES,31
QUINTETS,7
PLUS5,1
shared_ratio,0.78
fleet_size_nonshared,314.0
fleet_size_shared,189.0
lambda_shared,0.43615379724029757
_typ,DotMap()
dtype,DotMap()
city,"Amsterdam, Netherlands"
requests,ExMAS/spinoffs/potential/requests\requests_nCenters_3_gammdist_shape_4_gamma_imp_shape_3.csv
dt,0 days 00:03:52.126823
search_space,19664
