,0
VehHourTrav,574151
VehHourTrav_ns,931412
PassHourTrav,1020758
PassHourTrav_ns,931412
PassUtility,14036.972500000003
PassUtility_ns,14442.145
mean_lambda,0.41725253167912624
revenue_s,1117694.4000000001
revenue_ns,1397118.0
Fare_Discount,-0.1999999999999999
nR,1000
SINGLE,162
PAIRS,208
TRIPLES,98
QUADRIPLES,27
QUINTETS,4
PLUS5,0
shared_ratio,0.838
fleet_size_nonshared,277.0
fleet_size_shared,167.0
lambda_shared,0.41725253167912624
_typ,DotMap()
dtype,DotMap()
city,"Amsterdam, Netherlands"
requests,ExMAS/spinoffs/potential/requests\requests_nCenters_1_gammdist_shape_1.5_gamma_imp_shape_3.csv
dt,0 days 00:02:45.156999
search_space,15982
