,0
VehHourTrav,652979
VehHourTrav_ns,1004509
PassHourTrav,1098548
PassHourTrav_ns,1004509
PassUtility,15150.386700000001
PassUtility_ns,15575.213
mean_lambda,0.4054527467411546
revenue_s,1205410.8
revenue_ns,1506763.5
Fare_Discount,-0.19999999999999996
nR,1000
SINGLE,253
PAIRS,211
TRIPLES,65
QUADRIPLES,20
QUINTETS,10
PLUS5,0
shared_ratio,0.747
fleet_size_nonshared,293.0
fleet_size_shared,186.0
lambda_shared,0.4054527467411546
_typ,DotMap()
dtype,DotMap()
city,"Amsterdam, Netherlands"
requests,ExMAS/spinoffs/potential/requests\requests_nCenters_2_gammdist_shape_6_gamma_imp_shape_3.csv
dt,0 days 00:02:21.734552
search_space,12835
