,0
VehHourTrav,338244
VehHourTrav_ns,399515
PassHourTrav,420310
PassHourTrav_ns,399515
PassUtility,6078.006225
PassUtility_ns,6197.672500000001
mean_lambda,0.25775133921383475
revenue_s,479418.0
revenue_ns,599272.5
Fare_Discount,-0.2
nR,1000
SINGLE,698
PAIRS,136
TRIPLES,10
QUADRIPLES,0
QUINTETS,0
PLUS5,0
shared_ratio,0.30200000000000005
fleet_size_nonshared,133.0
fleet_size_shared,106.0
lambda_shared,0.25775133921383475
_typ,DotMap()
dtype,DotMap()
city,"Amsterdam, Netherlands"
requests,ExMAS/spinoffs/potential/requests\requests_nCenters_2_gammdist_shape_4_gamma_imp_shape_1.csv
dt,0 days 00:00:34.078324
search_space,2461
