,0
VehHourTrav,346420
VehHourTrav_ns,405265
PassHourTrav,425440
PassHourTrav_ns,405265
PassUtility,6166.974075
PassUtility_ns,6286.8724999999995
mean_lambda,0.256110578157301
revenue_s,486318.0
revenue_ns,607897.5
Fare_Discount,-0.2
nR,1000
SINGLE,715
PAIRS,132
TRIPLES,7
QUADRIPLES,0
QUINTETS,0
PLUS5,0
shared_ratio,0.28500000000000003
fleet_size_nonshared,117.0
fleet_size_shared,107.0
lambda_shared,0.256110578157301
_typ,DotMap()
dtype,DotMap()
city,"Amsterdam, Netherlands"
requests,ExMAS/spinoffs/potential/requests\requests_nCenters_2_gammdist_shape_6_gamma_imp_shape_1.csv
dt,0 days 00:00:33.921919
search_space,2211
