,0
VehHourTrav,354710
VehHourTrav_ns,414625
PassHourTrav,437986
PassHourTrav_ns,414625
PassUtility,6312.5666
PassUtility_ns,6431.8865
mean_lambda,0.24263562633945457
revenue_s,497550.0
revenue_ns,621937.5
Fare_Discount,-0.2
nR,1000
SINGLE,686
PAIRS,145
TRIPLES,8
QUADRIPLES,0
QUINTETS,0
PLUS5,0
shared_ratio,0.31399999999999995
fleet_size_nonshared,132.0
fleet_size_shared,106.0
lambda_shared,0.24263562633945457
_typ,DotMap()
dtype,DotMap()
city,"Amsterdam, Netherlands"
requests,ExMAS/spinoffs/potential/requests\requests_nCenters_1_gammdist_shape_6_gamma_imp_shape_1.csv
dt,0 days 00:00:32.625065
search_space,2206
