,0
VehHourTrav,332082
VehHourTrav_ns,396447
PassHourTrav,419592
PassHourTrav_ns,396447
PassUtility,6014.167825
PassUtility_ns,6149.9400000000005
mean_lambda,0.25287257865175417
revenue_s,475736.4
revenue_ns,594670.5
Fare_Discount,-0.19999999999999996
nR,1000
SINGLE,660
PAIRS,158
TRIPLES,8
QUADRIPLES,0
QUINTETS,0
PLUS5,0
shared_ratio,0.33999999999999997
fleet_size_nonshared,124.0
fleet_size_shared,104.0
lambda_shared,0.25287257865175417
_typ,DotMap()
dtype,DotMap()
city,"Amsterdam, Netherlands"
requests,ExMAS/spinoffs/potential/requests\requests_nCenters_2_gammdist_shape_2.5_gamma_imp_shape_1.csv
dt,0 days 00:00:33.734955
search_space,2485
