,0
VehHourTrav,338927
VehHourTrav_ns,397609
PassHourTrav,421107
PassHourTrav_ns,397609
PassUtility,6039.3826500000005
PassUtility_ns,6167.9915
mean_lambda,0.23949529969229721
revenue_s,477130.80000000005
revenue_ns,596413.5
Fare_Discount,-0.19999999999999993
nR,1000
SINGLE,682
PAIRS,145
TRIPLES,8
QUADRIPLES,1
QUINTETS,0
PLUS5,0
shared_ratio,0.31799999999999995
fleet_size_nonshared,136.0
fleet_size_shared,109.0
lambda_shared,0.23949529969229721
_typ,DotMap()
dtype,DotMap()
city,"Amsterdam, Netherlands"
requests,ExMAS/spinoffs/potential/requests\requests_nCenters_1_gammdist_shape_2.5_gamma_imp_shape_1.csv
dt,0 days 00:00:33.546939
search_space,2545
