,0
VehHourTrav,341629
VehHourTrav_ns,409873
PassHourTrav,433228
PassHourTrav_ns,409873
PassUtility,6215.525450000001
PassUtility_ns,6358.2605
mean_lambda,0.25303464805801823
revenue_s,491847.60000000003
revenue_ns,614809.5
Fare_Discount,-0.19999999999999996
nR,1000
SINGLE,615
PAIRS,179
TRIPLES,9
QUADRIPLES,0
QUINTETS,0
PLUS5,0
shared_ratio,0.385
fleet_size_nonshared,137.0
fleet_size_shared,113.0
lambda_shared,0.25303464805801823
_typ,DotMap()
dtype,DotMap()
city,"Amsterdam, Netherlands"
requests,ExMAS/spinoffs/potential/requests\requests_nCenters_1_gammdist_shape_1.5_gamma_imp_shape_1.csv
dt,0 days 00:00:34.078682
search_space,2671
