,0
VehHourTrav,547759
VehHourTrav_ns,739966
PassHourTrav,798375
PassHourTrav_ns,739966
PassUtility,11159.153175000003
PassUtility_ns,11474.5235
mean_lambda,0.32635069598728883
revenue_s,887959.2000000001
revenue_ns,1109949.0
Fare_Discount,-0.19999999999999993
nR,1000
SINGLE,397
PAIRS,230
TRIPLES,38
QUADRIPLES,6
QUINTETS,1
PLUS5,0
shared_ratio,0.603
fleet_size_nonshared,227.0
fleet_size_shared,167.0
lambda_shared,0.32635069598728883
_typ,DotMap()
dtype,DotMap()
city,"Amsterdam, Netherlands"
requests,ExMAS/spinoffs/potential/requests\requests_nCenters_3_gammdist_shape_6_gamma_imp_shape_2.csv
dt,0 days 00:01:14.031527
search_space,5681
