,0
VehHourTrav,635149
VehHourTrav_ns,1021841
PassHourTrav,1119648
PassHourTrav_ns,1021841
PassUtility,15430.656025000004
PassUtility_ns,15843.6265
mean_lambda,0.41924708510817377
revenue_s,1226209.2
revenue_ns,1532761.5
Fare_Discount,-0.20000000000000004
nR,1000
SINGLE,200
PAIRS,209
TRIPLES,85
QUADRIPLES,24
QUINTETS,5
PLUS5,1
shared_ratio,0.8
fleet_size_nonshared,298.0
fleet_size_shared,182.0
lambda_shared,0.41924708510817377
_typ,DotMap()
dtype,DotMap()
city,"Amsterdam, Netherlands"
requests,ExMAS/spinoffs/potential/requests\requests_nCenters_3_gammdist_shape_2.5_gamma_imp_shape_3.csv
dt,0 days 00:03:29.585012
search_space,18276
