,0
VehHourTrav,488875
VehHourTrav_ns,673277
PassHourTrav,726040
PassHourTrav_ns,673277
PassUtility,10169.841625000001
PassUtility_ns,10440.8875
mean_lambda,0.3393152457202857
revenue_s,807932.4
revenue_ns,1009915.5
Fare_Discount,-0.19999999999999998
nR,1000
SINGLE,356
PAIRS,229
TRIPLES,54
QUADRIPLES,6
QUINTETS,0
PLUS5,0
shared_ratio,0.644
fleet_size_nonshared,212.0
fleet_size_shared,152.0
lambda_shared,0.3393152457202857
_typ,DotMap()
dtype,DotMap()
city,"Amsterdam, Netherlands"
requests,ExMAS/spinoffs/potential/requests\requests_nCenters_1_gammdist_shape_1.5_gamma_imp_shape_2.csv
dt,0 days 00:01:10.016360
search_space,6559
