,0
VehHourTrav,332346
VehHourTrav_ns,388935
PassHourTrav,410913
PassHourTrav_ns,388935
PassUtility,5900.012975
PassUtility_ns,6033.9135
mean_lambda,0.2347630089252173
revenue_s,466722.0
revenue_ns,583402.5
Fare_Discount,-0.2
nR,1000
SINGLE,683
PAIRS,148
TRIPLES,7
QUADRIPLES,0
QUINTETS,0
PLUS5,0
shared_ratio,0.31699999999999995
fleet_size_nonshared,123.0
fleet_size_shared,113.0
lambda_shared,0.2347630089252173
_typ,DotMap()
dtype,DotMap()
city,"Amsterdam, Netherlands"
requests,ExMAS/spinoffs/potential/requests\requests_nCenters_3_gammdist_shape_2.5_gamma_imp_shape_1.csv
dt,0 days 00:00:33.924255
search_space,2279
