,0
VehHourTrav,654955
VehHourTrav_ns,1042942
PassHourTrav,1149330
PassHourTrav_ns,1042942
PassUtility,15738.388575
PassUtility_ns,16170.738500000001
mean_lambda,0.41345702422070985
revenue_s,1251530.4000000001
revenue_ns,1564413.0
Fare_Discount,-0.1999999999999999
nR,1000
SINGLE,214
PAIRS,209
TRIPLES,71
QUADRIPLES,26
QUINTETS,9
PLUS5,1
shared_ratio,0.786
fleet_size_nonshared,301.0
fleet_size_shared,185.0
lambda_shared,0.41345702422070985
_typ,DotMap()
dtype,DotMap()
city,"Amsterdam, Netherlands"
requests,ExMAS/spinoffs/potential/requests\requests_nCenters_4_gammdist_shape_4_gamma_imp_shape_3.csv
dt,0 days 00:04:20.748986
search_space,17819
