,0
VehHourTrav,550802
VehHourTrav_ns,743905
PassHourTrav,804473
PassHourTrav_ns,743905
PassUtility,11251.989400000002
PassUtility_ns,11535.7385
mean_lambda,0.33171722889629673
revenue_s,892686.0
revenue_ns,1115857.5
Fare_Discount,-0.2
nR,1000
SINGLE,398
PAIRS,216
TRIPLES,47
QUADRIPLES,6
QUINTETS,1
PLUS5,0
shared_ratio,0.602
fleet_size_nonshared,234.0
fleet_size_shared,165.0
lambda_shared,0.33171722889629673
_typ,DotMap()
dtype,DotMap()
city,"Amsterdam, Netherlands"
requests,ExMAS/spinoffs/potential/requests\requests_nCenters_1_gammdist_shape_6_gamma_imp_shape_2.csv
dt,0 days 00:01:05.734504
search_space,5348
