,0
VehHourTrav,371529
VehHourTrav_ns,442326
PassHourTrav,467943
PassHourTrav_ns,442326
PassUtility,6727.857925
PassUtility_ns,6861.2985
mean_lambda,0.24610195172986038
revenue_s,530791.2000000001
revenue_ns,663489.0
Fare_Discount,-0.1999999999999999
nR,1000
SINGLE,628
PAIRS,172
TRIPLES,8
QUADRIPLES,1
QUINTETS,0
PLUS5,0
shared_ratio,0.372
fleet_size_nonshared,141.0
fleet_size_shared,114.0
lambda_shared,0.24610195172986038
_typ,DotMap()
dtype,DotMap()
city,"Amsterdam, Netherlands"
requests,ExMAS/spinoffs/potential/requests\requests_nCenters_3_gammdist_shape_4_gamma_imp_shape_1.15.csv
dt,0 days 00:00:38.500788
search_space,2699
