,0
VehHourTrav,335519
VehHourTrav_ns,400407
PassHourTrav,422408
PassHourTrav_ns,400407
PassUtility,6077.369375000001
PassUtility_ns,6211.641
mean_lambda,0.255284161389306
revenue_s,480488.4
revenue_ns,600610.5
Fare_Discount,-0.19999999999999996
nR,1000
SINGLE,657
PAIRS,155
TRIPLES,11
QUADRIPLES,0
QUINTETS,0
PLUS5,0
shared_ratio,0.34299999999999997
fleet_size_nonshared,119.0
fleet_size_shared,105.0
lambda_shared,0.255284161389306
_typ,DotMap()
dtype,DotMap()
city,"Amsterdam, Netherlands"
requests,ExMAS/spinoffs/potential/requests\requests_nCenters_4_gammdist_shape_2.5_gamma_imp_shape_1.csv
dt,0 days 00:00:34.828371
search_space,2371
