,0
VehHourTrav,670441
VehHourTrav_ns,1071880
PassHourTrav,1176743
PassHourTrav_ns,1071880
PassUtility,16174.208025
PassUtility_ns,16619.375
mean_lambda,0.4229789709580746
revenue_s,1286256.0
revenue_ns,1607820.0
Fare_Discount,-0.2
nR,1000
SINGLE,224
PAIRS,200
TRIPLES,74
QUADRIPLES,29
QUINTETS,5
PLUS5,2
shared_ratio,0.776
fleet_size_nonshared,314.0
fleet_size_shared,193.0
lambda_shared,0.4229789709580746
_typ,DotMap()
dtype,DotMap()
city,"Amsterdam, Netherlands"
requests,ExMAS/spinoffs/potential/requests\requests_nCenters_1_gammdist_shape_6_gamma_imp_shape_3.csv
dt,0 days 00:05:27.174573
search_space,23211
