,0
VehHourTrav,629865
VehHourTrav_ns,1008932
PassHourTrav,1105115
PassHourTrav_ns,1008932
PassUtility,15229.1028
PassUtility_ns,15643.6735
mean_lambda,0.4212110923989346
revenue_s,1210718.4000000001
revenue_ns,1513398.0
Fare_Discount,-0.1999999999999999
nR,1000
SINGLE,198
PAIRS,210
TRIPLES,88
QUADRIPLES,23
QUINTETS,4
PLUS5,1
shared_ratio,0.802
fleet_size_nonshared,296.0
fleet_size_shared,180.0
lambda_shared,0.4212110923989346
_typ,DotMap()
dtype,DotMap()
city,"Amsterdam, Netherlands"
requests,ExMAS/spinoffs/potential/requests\requests_nCenters_2_gammdist_shape_2.5_gamma_imp_shape_3.csv
dt,0 days 00:02:15.438720
search_space,13038
